"contrast","estimate","SE","df","z.ratio","p.value"
"(c_norm-0.236250486445713 AB) - (c_norm-0.203437986445713 AB)",-0.233620156838875,0.0594840540494616,Inf,-3.92744174169126,8.58542081376392e-05
"(c_norm-0.236250486445713 AB) - (c_norm-0.10291715311238 AB)",-0.949313653186537,0.24171298153432,Inf,-3.92744174169126,8.5854208137639e-05
"(c_norm-0.236250486445713 AB) - c_norm0.138749513554287 AB",-2.66994464958714,0.679817760565276,Inf,-3.92744174169126,8.5854208137639e-05
"(c_norm-0.236250486445713 AB) - c_norm0.491022240827014 AB",-5.17807447192657,1.31843444473266,Inf,-3.92744174169126,8.58542081376392e-05
"(c_norm-0.236250486445713 AB) - c_norm0.648364898169672 AB",-6.29833096825685,1.60367266594886,Inf,-3.92744174169126,8.58542081376392e-05
"(c_norm-0.236250486445713 AB) - (c_norm-0.236250486445713 BA)",-7.61131117626106,1.60729065079132,Inf,-4.73549147599022,2.18524890014216e-06
"(c_norm-0.236250486445713 AB) - (c_norm-0.203437986445713 BA)",-7.49972769375229,1.59292829345413,Inf,-4.70813891910336,2.49988715419204e-06
"(c_norm-0.236250486445713 AB) - (c_norm-0.10291715311238 BA)",-7.15789258066987,1.55469561683105,Inf,-4.60404757251447,4.14357746241315e-06
"(c_norm-0.236250486445713 AB) - c_norm0.138749513554287 BA",-6.33607137616084,1.50134049054421,Inf,-4.2202760906449,2.44003302904658e-05
"(c_norm-0.236250486445713 AB) - c_norm0.491022240827014 BA",-5.13811883667276,1.52833406148657,Inf,-3.36190821506329,0.00077405848495902
"(c_norm-0.236250486445713 AB) - c_norm0.648364898169672 BA",-4.60305318628106,1.57948200273594,Inf,-2.91428023763978,0.00356509717884635
"(c_norm-0.203437986445713 AB) - (c_norm-0.10291715311238 AB)",-0.715693496347662,0.182228927484858,Inf,-3.92744174169126,8.5854208137639e-05
"(c_norm-0.203437986445713 AB) - c_norm0.138749513554287 AB",-2.43632449274827,0.620333706515814,Inf,-3.92744174169126,8.58542081376392e-05
"(c_norm-0.203437986445713 AB) - c_norm0.491022240827014 AB",-4.9444543150877,1.25895039068319,Inf,-3.92744174169126,8.5854208137639e-05
"(c_norm-0.203437986445713 AB) - c_norm0.648364898169672 AB",-6.06471081141797,1.54418861189939,Inf,-3.92744174169126,8.58542081376392e-05
"(c_norm-0.203437986445713 AB) - (c_norm-0.236250486445713 BA)",-7.37769101942218,1.57172693940716,Inf,-4.6940030322347,2.67910058540231e-06
"(c_norm-0.203437986445713 AB) - (c_norm-0.203437986445713 BA)",-7.26610753691341,1.55702601951611,Inf,-4.6666577474226,3.06138630202739e-06
"(c_norm-0.203437986445713 AB) - (c_norm-0.10291715311238 BA)",-6.92427242383099,1.51785614482331,Inf,-4.56187659643928,5.06984431057982e-06
"(c_norm-0.203437986445713 AB) - c_norm0.138749513554287 BA",-6.10245121932196,1.46307555441601,Inf,-4.17097476675274,3.0329944936432e-05
"(c_norm-0.203437986445713 AB) - c_norm0.491022240827014 BA",-4.90449867983388,1.49064383590196,Inf,-3.29018814669854,0.00100120412987915
"(c_norm-0.203437986445713 AB) - c_norm0.648364898169672 BA",-4.36943302944218,1.5429905623139,Inf,-2.8317950453888,0.00462875075170248
"(c_norm-0.10291715311238 AB) - c_norm0.138749513554287 AB",-1.7206309964006,0.438104779030956,Inf,-3.92744174169126,8.5854208137639e-05
"(c_norm-0.10291715311238 AB) - c_norm0.491022240827014 AB",-4.22876081874004,1.07672146319834,Inf,-3.92744174169126,8.5854208137639e-05
"(c_norm-0.10291715311238 AB) - c_norm0.648364898169672 AB",-5.34901731507031,1.36195968441454,Inf,-3.92744174169126,8.5854208137639e-05
"(c_norm-0.10291715311238 AB) - (c_norm-0.236250486445713 BA)",-6.66199752307452,1.4724202568793,Inf,-4.52452178102615,6.05322191867715e-06
"(c_norm-0.10291715311238 AB) - (c_norm-0.203437986445713 BA)",-6.55041404056575,1.45668294569587,Inf,-4.4968014899334,6.89833377512926e-06
"(c_norm-0.10291715311238 AB) - (c_norm-0.10291715311238 BA)",-6.20857892748333,1.41462860074093,Inf,-4.38884023992694,1.13956742040752e-05
"(c_norm-0.10291715311238 AB) - c_norm0.138749513554287 BA",-5.3867577229743,1.35540971522253,Inf,-3.9742652442844,7.05968543014898e-05
"(c_norm-0.10291715311238 AB) - c_norm0.491022240827014 BA",-4.18880518348622,1.38473237979945,Inf,-3.02499258672126,0.00248639221607048
"(c_norm-0.10291715311238 AB) - c_norm0.648364898169672 BA",-3.65373953309452,1.44076434531693,Inf,-2.53597303748573,0.0112135367405933
"c_norm0.138749513554287 AB - c_norm0.491022240827014 AB",-2.50812982233943,0.63861668416738,Inf,-3.92744174169126,8.58542081376394e-05
"c_norm0.138749513554287 AB - c_norm0.648364898169672 AB",-3.62838631866971,0.923854905383581,Inf,-3.92744174169126,8.58542081376394e-05
"c_norm0.138749513554287 AB - (c_norm-0.236250486445713 BA)",-4.94136652667391,1.30881989517153,Inf,-3.77543659360886,0.000159727652122884
"c_norm0.138749513554287 AB - (c_norm-0.203437986445713 BA)",-4.82978304416515,1.29099624453655,Inf,-3.74112865517975,0.000183195706444708
"c_norm0.138749513554287 AB - (c_norm-0.10291715311238 BA)",-4.48794793108273,1.24305220875635,Inf,-3.610425933415,0.000305694589270976
"c_norm0.138749513554287 AB - c_norm0.138749513554287 BA",-3.6661267265737,1.17446064998694,Inf,-3.12154070603768,0.00179907374279688
"c_norm0.138749513554287 AB - c_norm0.491022240827014 BA",-2.46817418708562,1.20710725548224,Inf,-2.04470164177713,0.0408842816756856
"c_norm0.138749513554287 AB - c_norm0.648364898169672 BA",-1.93310853669392,1.27053752127515,Inf,-1.52148874340506,0.12813723400505
"c_norm0.491022240827014 AB - c_norm0.648364898169672 AB",-1.12025649633027,0.285238221216201,Inf,-3.92744174169126,8.58542081376394e-05
"c_norm0.491022240827014 AB - (c_norm-0.236250486445713 BA)",-2.43323670433448,1.31808950969585,Inf,-1.8460329791229,0.0648874170383937
"c_norm0.491022240827014 AB - (c_norm-0.203437986445713 BA)",-2.32165322182571,1.3002572720855,Inf,-1.78553373372178,0.0741747846598817
"c_norm0.491022240827014 AB - (c_norm-0.10291715311238 BA)",-1.97981810874329,1.25223630511993,Inf,-1.58102596183208,0.113872101737937
"c_norm0.491022240827014 AB - c_norm0.138749513554287 BA",-1.15799690423426,1.1830792994803,Inf,-0.978799058307374,0.327679275108788
"c_norm0.491022240827014 AB - c_norm0.491022240827014 BA",0.0399556352538166,1.21393552163277,Inf,0.0329141330340803,0.973743062371277
"c_norm0.491022240827014 AB - c_norm0.648364898169672 BA",0.575021285645518,1.27636418221022,Inf,0.450515059620195,0.652339097867529
"c_norm0.648364898169672 AB - (c_norm-0.236250486445713 BA)",-1.31298020800421,1.41836342712545,Inf,-0.925700834422373,0.354601474124638
"c_norm0.648364898169672 AB - (c_norm-0.203437986445713 BA)",-1.20139672549544,1.40175114262788,Inf,-0.857068483099765,0.391407037997606
"c_norm0.648364898169672 AB - (c_norm-0.10291715311238 BA)",-0.859561612413019,1.35714787746288,Inf,-0.633358845183421,0.526499333786564
"c_norm0.648364898169672 AB - c_norm0.138749513554287 BA",-0.0377404079039904,1.29316308250701,Inf,-0.0291845695369096,0.976717387718265
"c_norm0.648364898169672 AB - c_norm0.491022240827014 BA",1.16021213158409,1.32081110988636,Inf,0.878408822351524,0.379721898358122
"c_norm0.648364898169672 AB - c_norm0.648364898169672 BA",1.69527778197579,1.37813370659995,Inf,1.23012576635854,0.218650012660544
"(c_norm-0.236250486445713 BA) - (c_norm-0.203437986445713 BA)",0.111583482508769,0.0405452286101392,Inf,2.75207432128931,0.00592190795377121
"(c_norm-0.236250486445713 BA) - (c_norm-0.10291715311238 BA)",0.453418595591187,0.164755214669772,Inf,2.75207432128931,0.00592190795377119
"(c_norm-0.236250486445713 BA) - c_norm0.138749513554287 BA",1.27523980010022,0.463374041258734,Inf,2.75207432128931,0.0059219079537712
"(c_norm-0.236250486445713 BA) - c_norm0.491022240827014 BA",2.4731923395883,0.898664807289665,Inf,2.75207432128931,0.00592190795377121
"(c_norm-0.236250486445713 BA) - c_norm0.648364898169672 BA",3.00825798998,1.09308748194368,Inf,2.75207432128931,0.0059219079537712
"(c_norm-0.203437986445713 BA) - (c_norm-0.10291715311238 BA)",0.341835113082418,0.124209986059632,Inf,2.75207432128931,0.0059219079537712
"(c_norm-0.203437986445713 BA) - c_norm0.138749513554287 BA",1.16365631759145,0.422828812648595,Inf,2.75207432128931,0.00592190795377122
"(c_norm-0.203437986445713 BA) - c_norm0.491022240827014 BA",2.36160885707953,0.858119578679526,Inf,2.75207432128931,0.00592190795377121
"(c_norm-0.203437986445713 BA) - c_norm0.648364898169672 BA",2.89667450747123,1.05254225333354,Inf,2.75207432128931,0.00592190795377122
"(c_norm-0.10291715311238 BA) - c_norm0.138749513554287 BA",0.82182120450903,0.298618826588962,Inf,2.75207432128931,0.00592190795377119
"(c_norm-0.10291715311238 BA) - c_norm0.491022240827014 BA",2.01977374399711,0.733909592619894,Inf,2.75207432128931,0.0059219079537712
"(c_norm-0.10291715311238 BA) - c_norm0.648364898169672 BA",2.55483939438881,0.928332267273909,Inf,2.75207432128931,0.00592190795377121
"c_norm0.138749513554287 BA - c_norm0.491022240827014 BA",1.19795253948808,0.435290766030931,Inf,2.75207432128931,0.00592190795377119
"c_norm0.138749513554287 BA - c_norm0.648364898169672 BA",1.73301818987978,0.629713440684947,Inf,2.75207432128931,0.00592190795377121
"c_norm0.491022240827014 BA - c_norm0.648364898169672 BA",0.535065650391702,0.194422674654015,Inf,2.75207432128931,0.0059219079537712
